# Sex of each entity: m = male, f = female, x = both, neither, changed sex, or a mixed group
chaos x
gaia f
tartarus m
eros m
chronos m
ananke f
phanes x
erebus m
nyx f
aether m
hemera f
uranus m
ourea x
pontus m
nesoi f
thalassa f
pheme f
moros m
keres f
thanatos m
hypnos m
oneiroi m
momus m
oizys f
geras m
nemesis f
apate f
philotes f
eris f
charon m
lyssa f
moirai f
clotho f
lachesis f
atropos f
hesperides f
aegle_h f
erytheia f
hesperia f
arethusa_h f
ponos m
lethe f
limos f
algea x
hysminai f
makhai f
phonoi m
androktasiai f
neikea x
pseudea x
logoi m
amphillogiai f
dysnomia f
ate f
horkos m
nereus m
thaumas m
phorcys m
ceto f
eurybia f
iris f
harpies f
aello f
ocypete f
celaeno_h f
podarge f
graeae f
pemphredo f
enyo_g f
deino f
gorgons f
stheno f
euryale f
medusa f
echidna f
ladon m
thoosa f
crataeis f
scylla f
charybdis f
sirens f
parthenope f
ligeia f
leucosia f
typhon m
orthrus m
cerberus m
hydra f
chimera f
sphinx f
nemean_lion m
caucasian_eagle x
crommyonian_sow f
colchian_dragon x
gegeneis m
python x
campe f
empusa f
lamia f
oceanus m
tethys f
coeus m
crius m
hyperion m
iapetus m
theia f
rhea f
themis f
mnemosyne f
phoebe f
cronus m
cyclopes m
brontes m
arges m
steropes m
hecatoncheires m
briareus m
cottus m
gyges m
erinyes f
alecto f
megaera f
tisiphone f
gigantes m
alcyoneus m
porphyrion m
enceladus m
polybotes m
ephialtes_g m
eurytus_g m
clytius_g m
mimas m
pallas_g m
hippolytus_g m
gration m
agrius_g m
thoon m
eurymedon m
meliae f
melia_i f
oceanids f
peitho f
admete f
ianthe f
electra_o f
doris f
prymno f
urania_o f
hippo f
clymene f
rhodea f
callirrhoe f
zeuxo f
clytie f
idyia f
pasithoe f
plexaura f
galaxaura f
dione f
melobosis f
thoe_o f
polydora f
cerceis f
pluto_o f
perseis f
ianeira f
acaste f
xanthe f
petraea f
menestho f
europa_o f
metis f
eurynome f
telesto f
chryseis_o f
asia f
calypso f
eudora_o f
tyche f
amphirho f
ocyrrhoe_o f
styx f
philyra f
pleione f
aethra_o f
leuce f
potamoi m
nilus m
alpheus m
eridanus m
strymon m
maeander m
istros m
phasis m
rhesus_r m
achelous m
nessus_r m
rhodius m
haliacmon m
heptaporus m
granicus m
aesepus m
simoeis m
peneus m
hermus m
caicus m
sangarius m
ladon_r m
parthenius m
evenus m
ardescus m
scamander m
inachus m
asopus m
cephissus m
cebren m
acheron m
naiads f
liriope f
salmacis f
syrinx f
daphne f
minthe f
metope f
aegina f
thebe f
salamis f
sinope f
corcyra f
oenone f
creusa_n f
arethusa f
leto f
asteria f
lelantos m
aura f
periboea_o f
hecate f
helios m
selene f
eos f
astraeus m
pallas_t m
perses m
boreas m
notus m
zephyrus m
eurus m
eosphorus m
hesperus m
astraea f
nike f
kratos m
bia f
zelus m
atlas m
prometheus m
epimetheus m
menoetius m
pandora f
deucalion m
pronoia f
pyrrha f
hellen m
amphictyon m
protogeneia f
orseis f
dorus m
xuthus m
aeolus m
enarete f
deimachus m
iphthime f
aethlius m
nereids f
ploto f
eucrante f
sao f
amphitrite f
eudora_n f
thetis f
galene f
glauce f
cymothoe f
speio f
thoe_n f
halie f
pasithea_n f
erato_n f
eunice f
melite f
eulimene f
agave_n f
doto f
proto f
pherusa f
dynamene f
nesaea f
actaea f
protomedea f
doris_n f
panopea f
galatea f
hippothoe f
hipponoe f
cymodoce f
cymatolege f
cymo f
eione f
halimede f
glauconome f
pontoporea f
leiagore f
euagore f
laomedeia f
polynome f
autonoe_n f
lysianassa f
euarne f
psamathe f
menippe f
neso f
eupompe f
themisto f
pronoe f
nemertes f
nerites m
hestia f
demeter f
hera f
hades m
poseidon m
zeus m
chiron m
athena f
ares m
hebe f
eileithyia f
enyo f
hephaestus m
apollo m
artemis f
hermes m
dionysus m
aphrodite f
persephone f
zagreus m
melinoe f
macaria f
charites f
aglaea f
euphrosyne f
thalia_c f
pasithea f
horae f
eunomia f
dike f
eirene f
muses f
calliope f
clio f
erato f
euterpe f
melpomene f
polyhymnia f
terpsichore f
thalia_m f
urania f
pan m
dryope_p f
dryops m
spercheius m
polydora_d f
hybris f
hermaphroditus x
priapus m
harmonia f
phobos m
deimos m
anteros m
himeros m
pothos m
hymenaeus m
triton m
rhode f
benthesikyme f
tritonis f
pallas_tr f
proteus m
glaucus_s m
leucothea f
palaemon m
asclepius m
hygieia f
panacea f
iaso f
aceso f
aegle_a f
epione f
machaon m
podalirius m
aristaeus m
orpheus m
oeagrus m
eurydice_o f
linus m
corybantes m
rhesus m
hyacinthus m
pierus m
pierides f
cyparissus m
marsyas m
olympus_s m
hyagnis m
philammon m
thamyris m
argiope f
iamus m
evadne_p f
pitane f
eurotas m
mopsus m
amphissus m
dryope_o f
troilus m
anius m
rhoeo f
autolycus m
myrtilus m
aethalides m
eupolemeia f
echion_a m
erytus m
antianeira f
menetes m
eudorus m
polymele f
phylas m
daphnis m
cephalus m
satyrs m
silenus m
ampelos m
centaurs m
nessus m
eurytion_c m
pholus m
melia_c f
hylaeus m
rhoecus m
centaurus m
dryads f
oreads f
echo f
idaea f
maenads f
tyrrhenian_pirates m
phoroneus m
io f
iasus_a m
aegialeus_i m
teledice f
niobe_a f
apis m
argus_k m
pelasgus m
argus_p m
arestor m
agenor_a m
ecbasus m
epaphus m
memphis f
libya f
lysianassa_e f
busiris m
agenor m
telephassa f
belus m
anchinoe f
aegyptus m
danaus m
cepheus_e m
phineus_e m
cassiopeia f
andromeda f
cetus_e x
danaids f
hypermnestra f
amymone f
aegyptiads m
lynceus_a m
nauplius m
palamedes m
abas m
aglaea_m f
mantineus m
acrisius m
proetus m
eurydice_l f
danae f
stheneboea f
proetides f
megapenthes m
perseus m
dictys m
polydectes m
naiad_m f
perses_p m
alcaeus m
sthenelus_p m
heleus m
mestor m
electryon m
gorgophone f
amphitryon m
anaxo f
eurystheus m
alcmene f
midea f
licymnius m
heracles m
iphicles m
automedusa f
iolaus m
heraclids_m m
hyllus m
macaria_h f
telephus m
lamus_h m
alexiares m
anicetus m
thespiadae m
tlepolemus m
astyoche_ph f
scythes m
omphale f
iardanus m
eurytus_o m
melaneus m
iole f
iphitus m
cleodaeus m
aristomachus m
temenus m
cresphontes m
aristodemus m
ceryneian_hind f
erymanthian_boar m
stymphalian_birds x
mares_diomedes f
diomedes_t m
cyrene_t f
geryon m
eurytion_g m
antaeus m
cycnus_a m
pelopia_c f
cacus m
cercopes m
theia_o f
amazons f
hippolyta f
antiope_am f
penthesilea f
harmonia_n f
otrera f
cadmus m
phoenix m
cilix m
thasus m
theban_dragon m
spartoi m
echion m
udaeus m
chthonius m
hyperenor_s m
pelorus m
semele f
ino f
agave f
autonoe f
polydorus_t m
pentheus m
oclasus m
actaeon m
nycteis f
nycteus m
lycus_t m
dirce f
antiope f
amphion m
zethus m
labdacus m
laius m
menoeceus m
jocasta f
creon m
eurydice_t f
megara f
haemon m
menoeceus_y m
oedipus m
eteocles m
polynices m
antigone f
ismene f
euryganeia f
thersander m
laodamas m
everes m
chariclo f
tiresias x
manto f
niobids x
chloris f
amphion_o m
iasus_o m
persephone_o f
adrastus m
lysimache f
abas_m m
argia f
deipyle f
amphithea f
pronax m
aegialeus_a m
eriphyle f
amphiaraus m
oicles m
antiphates m
hypermnestra_t f
capaneus m
hipponous m
astynome f
evadne_c f
iphis m
alector m
hippomedon m
aristomachus_t m
parthenopaeus m
alcmaeon m
amphilochus m
sthenelus_c m
diomedes m
europa f
asterion_k m
tectamus m
minos m
rhadamanthys m
sarpedon_c m
pasiphae f
cretan_bull m
minotaur m
ariadne f
phaedra f
androgeus m
deucalion_c m
glaucus_c m
catreus m
acacallis f
xenodice f
miletus m
idomeneus m
aerope f
clymene_c f
althaemenes m
apemosyne f
oenopion m
staphylus m
thoas_l m
hypsipyle f
peparethus m
daedalus m
icarus m
naucrate f
perdix m
talos m
amalthea f
haemonius m
curetes m
dactyls m
anchiale f
britomartis f
carme f
eubulus m
carmanor m
teucer_k m
batea f
dardanus m
iasion m
plutus m
philomelus m
erichthonius_t m
ilus_d m
astyoche_s f
tros m
callirrhoe_s f
ilus m
assaracus m
ganymede m
eurydice_i f
laomedon m
themiste f
hieromneme f
capys m
anchises m
aeneas m
creusa_t f
ascanius m
laocoon m
acoetes m
strymo f
priam m
tithonus m
hesione f
cetus_t x
hecuba f
dymas m
cisseus m
hector m
paris m
cassandra f
helenus m
deiphobus m
polyxena f
laodice_t f
polites m
polydorus_p m
laothoe f
altes m
lycaon_t m
aesacus m
arisbe f
merops m
alexirhoe f
andromache f
eetion m
astyanax m
corythus m
astyoche_t f
eurypylus_t m
antenor m
aesyetes m
cleomestra f
glaucus_l m
sarpedon m
iobates m
pandarus m
lycaon_ly m
memnon m
emathion m
cecrops m
aglaurus_m f
actaeus m
aglaurus f
herse f
pandrosus f
erysichthon_a m
cranaus m
erichthonius m
praxithea_n f
pandion m
zeuxippe f
erechtheus m
butes_a m
procne f
philomela f
tereus m
itys m
praxithea f
phrasimus m
diogeneia f
cecrops_ii m
metion m
pandorus m
creusa f
orithyia f
procris f
chthonia f
metiadusa f
eupalamus m
pandion_ii m
pylia f
pylas m
aegeus m
pallas_a m
nisus m
lycus_a m
scylla_m f
zetes m
calais m
chione f
cleopatra_b f
eumolpus m
ion m
achaeus m
theseus m
aethra f
medea_son m
hippolytus m
acamas m
demophon m
periphetes m
anticleia_p f
sinis m
sciron m
cercyon m
procrustes m
polypemon m
sylea f
corinthus m
celeus m
metanira f
demophon_e m
triptolemus m
lyncus m
tantalus m
dione_t f
pelops m
niobe f
broteas m
euryanassa f
pactolus m
oenomaus m
hippodamia f
atreus m
thyestes m
pittheus m
alcathous m
astydameia_p f
nicippe f
lysidice f
chrysippus m
axioche f
agamemnon m
menelaus m
pleisthenes m
anaxibia_a f
pelopia f
aegisthus m
iphigenia f
electra f
orestes m
chrysothemis f
strophius m
crisus m
asteria_p f
pylades m
tisamenus m
medon_p m
lelex m
lacedaemon m
sparta f
amyclas m
diomede f
cynortas m
perieres m
oebalus m
tyndareus m
icarius m
aphareus m
leucippus m
leucippides f
philodice f
leda f
helen f
polydeuces m
castor m
clytemnestra f
timandra f
phylonoe f
hermione f
periboea_n f
penelope f
idas m
lynceus m
arene f
marpessa f
cleopatra_m f
sisyphus m
athamas m
salmoneus m
cretheus m
deion m
magnes m
canace f
alcyone f
calyce f
perimede f
ceyx m
daedalion m
chione_d f
nephele f
phrixus m
helle f
learchus m
melicertes m
chrysomallos m
theophane f
bisaltes m
chalciope f
argus_ph m
alcidice f
tyro f
pelias m
neleus m
aeson m
pheres m
amythaon m
polymede f
alcimede f
jason m
medea f
absyrtus m
asterodeia f
mermerus m
pheres_j m
medeus m
glauce_c f
creon_c m
lycaethus m
aeetes m
circe f
perses_h m
khalkotauroi m
telegonus m
heliades f
phaethon m
cycnus_l m
sthenelus_l m
phaethusa f
lampetia f
neaera f
augeas m
leucothoe f
orchamus m
eurynome_b f
admetus m
periclymene f
alcestis f
anaxibia f
phylomache f
acastus m
eumelus m
nestor m
periclymenus m
pero f
antilochus m
eurydice_n f
clymenus m
thrasymedes m
pisistratus m
polycaste f
persepolis m
idomene f
melampus m
bias m
talaus m
merope f
glaucus_s1 m
eurymede f
bellerophon m
philonoe f
hippolochus m
isander m
laodamia f
pegasus m
chrysaor m
aloeus m
triops m
iphimedeia f
otus m
ephialtes m
erysichthon m
mestra f
aeacus m
myrmidons x
endeis f
peleus m
telamon m
phocus m
achilles m
deidamia f
lycomedes m
neoptolemus m
molossus m
periboea_t f
ajax m
teucer m
tecmessa f
teleutas m
eurysaces m
myrmidon m
eurymedusa f
actor m
menoetius_a m
sthenele f
patroclus m
periopis f
briseis f
briseus m
chryses m
chryseis f
arcesius m
chalcomedusa f
laertes m
amphithea_a f
anticleia f
odysseus m
ctimene f
telemachus m
odysseus_crew m
argos_dog m
polyphemus m
acis m
symaethis f
symaethus m
aeolus_w m
hippotes m
arne f
lamus_l m
laestrygonians x
periboea_e f
nausithous m
alcinous m
rhexenor m
arete f
nausicaa f
oileus m
eriopis f
ajax_l m
poeas m
thaumacus m
demonassa f
philoctetes m
idmon m
thestor m
calchas m
phylacus m
diomede_x f
iphiclus m
protesilaus m
diomedeia f
laodamia_p f
panopeus m
epeius m
wooden_horse x
pleiades f
maia f
electra_p f
taygete f
alcyone_p f
celaeno f
sterope f
hyades f
hyas m
hyrieus m
euryale_m f
orion m
scorpion x
elara f
orchomenus m
tityos m
lycaon m
meliboea f
cyllene f
lycaonids m
nyctimus m
callisto f
ceteus m
arcas m
erato_d f
elatus m
aphidas m
azan m
stymphalus m
ischys m
aleus m
neaera_a f
pereus m
auge f
cepheus_t m
lycurgus_ar m
cleophyle f
ancaeus m
iasus_ar m
amphidamas m
clymene_m f
atalanta f
schoeneus m
themisto_h f
melanion m
hippomenes m
megareus m
onchestus m
cybele f
attis m
nana f
endymion m
menai f
pandia f
ersa f
aetolus m
epeius_e m
pronoe_a f
phorbas m
hyrmine f
pleuron m
calydon m
xanthippe f
agenor_ae m
epicaste_ae f
portheus m
demonice f
euryte f
hippodamas m
thestius m
eurythemis f
cleoboea f
althaea f
plexippus m
toxeus m
oeneus m
agrius_c m
meleager m
deianira f
gorge f
meleagrides f
periboea_h f
hipponous_o m
tydeus m
calydonian_boar m
hypseus m
stilbe f
cyrene f
lapithes m
lapiths x
caeneus x
elatus_l m
hippea f
polyphemus_a m
coronus m
mopsus_l m
ampycus m
chloris_l f
phlegyas m
chryse f
halmus m
coronis f
ixion m
dia f
deioneus m
pirithous m
hippodamia_l f
butes_t m
atrax m
polypoetes m
hylas m
theiodamas m
menodice f
tiphys m
hagnias m
euphemus m
europa_t f
phineus_t m
amycus m
melia_b f
symplegades x
arachne f
idmon_c m
narcissus m
midas m
gordias m
lycian_peasants x
galanthis f
ascalaphus m
orphne f
cyane f
baucis_philemon x
pygmalion m
galatea_s f
paphos m
cinyras m
myrrha f
adonis m
theias m
psyche f
voluptas f
minyas m
chryses_o m
chrysogeneia f
minyades f
cycnus_p m
picus m
lycurgus_th m
dryas_t m
arion m
despoina f
balius m
xanthus_h m
laelaps x
teumessian_fox x
griffins x
hippocampi x
aegipan m
aix f
cedalion m
